domain,tagSize,tidSize,xdrSize,tagRatio,xdrRatio,tagDistribute,xdrDistribute,upPktSize,downPktSize,upFluxSize,downFluxSize,upAvgFluxSize,downAvgFluxSize,is_comm
transgd.com.cn,6,6,6,6,6,1,1,6,6,240,432,40,72,1
googlesyndication.com,28,86,789,9.116279071,9.373891001,3.071428571,9.174418605,11983,15682,1937392,13268521,161.6783777,846.0987757,-1
wlanbanlv.com,1,1,15,1,0.066666667,1,15,124,113,28858,14603,232.7258065,129.2300885,-1
peel-prod.com,1,1,9,1,0.111111111,1,9,128,104,18009,43107,140.6953125,414.4903846,-1
zhimoo.com,3,18,1148,0.5,0.282229965,6,63.77777778,38487,23474,2338865,1832302,60.77026009,78.05665843,1
51daoshang.com,1,1,2,1,0.5,1,2,14,11,1101,637,78.64285714,57.90909091,-1
haascloud.cn,2,5,600,0.8,0.041666667,2.5,120,13652,7753,709376,483980,51.96132435,62.42486779,1
bb164.com,1,1,30,1,0.033333333,1,30,2406,3115,145741,3850134,60.57398171,1235.998074,-1
rokyinfo.net,3,233,15420,0.038626609,3.520687419,77.66666667,66.18025751,300440,172471,31113904,9858752,103.5611237,57.16179532,-1